{"cameraMode":{"drawMode":0,"name":"Shaded","section":"Shading Mode"},"sceneLighting":true,"audioPlay":false,"sceneViewState":{"showFog":true,"showMaterialUpdate":false,"showSkybox":true,"showFlares":true,"showImageEffects":true,"showParticleSystems":true},"in2DMode":false,"pivot":{"x":10.446372985839844,"y":5.360744476318359,"z":10.81397819519043},"rotation":{"x":-0.031282395124435428,"y":0.8366763591766357,"z":0.04796181619167328,"w":0.5447899699211121},"size":10.449999809265137,"orthographic":false}