{"cameraMode":{"drawMode":0,"name":"Shaded","section":"Shading Mode"},"sceneLighting":true,"audioPlay":false,"sceneViewState":{"showFog":true,"showMaterialUpdate":false,"showSkybox":true,"showFlares":true,"showImageEffects":true,"showParticleSystems":true},"in2DMode":false,"pivot":{"x":401.9894104003906,"y":228.55230712890626,"z":-786.3224487304688},"rotation":{"x":-0.008108704350888729,"y":0.011996839195489884,"z":-0.00009776157821761444,"w":-0.9999024271965027},"size":1.5462260246276856,"orthographic":false}