{"cameraMode":{"drawMode":0,"name":"Shaded","section":"Shading Mode"},"sceneLighting":false,"audioPlay":false,"sceneViewState":{"showFog":true,"showMaterialUpdate":false,"showSkybox":false,"showFlares":true,"showImageEffects":true,"showParticleSystems":true},"in2DMode":false,"pivot":{"x":-0.441490113735199,"y":0.9965592622756958,"z":11.309222221374512},"rotation":{"x":0.019229402765631677,"y":-0.6564591526985169,"z":0.01674334704875946,"w":0.7539308071136475},"size":1.1485350131988526,"orthographic":false}