{"cameraMode":{"drawMode":0,"name":"Shaded","section":"Shading Mode"},"sceneLighting":false,"audioPlay":false,"sceneViewState":{"showFog":true,"showMaterialUpdate":false,"showSkybox":false,"showFlares":true,"showImageEffects":true,"showParticleSystems":true},"in2DMode":false,"pivot":{"x":-9.49106216430664,"y":2.3948421478271486,"z":9.765486717224121},"rotation":{"x":0.5637096762657166,"y":-0.4356640577316284,"z":0.47818899154663088,"w":0.5135799646377564},"size":3.584557056427002,"orthographic":false}